"Cat","Name","Rel","Src","Loc","Regs","Asm","Proj"
"00_Introduction","001_Template","00_Introduction\001_Template","1","3","0","False",".ini"
"00_Introduction","05_main","00_Introduction\05_main","1","3","0","False",".cproj"
"00_Introduction","1How_to_run_uC","00_Introduction\1How_to_run_uC","1","5","0","False",".cproj"
"00_Introduction","2How_to_run_uC","00_Introduction\2How_to_run_uC","1","15","8","False",".cproj"
"00_Introduction","30_BitTwidding","00_Introduction\30_BitTwidding","1","25","2","False",""
"00_Introduction","Check_databss","00_Introduction\Check_databss","1","16","2","False",".cproj"
"00_Introduction","Demo1","00_Introduction\Demo1","1","7","0","False",".ini"
"00_Introduction","How_to_run_uC","00_Introduction\How_to_run_uC","1","3","0","False",".cproj"
"00_Introduction","InitialValues","00_Introduction\InitialValues","1","3","0","False",""
"01_Digital_IO","002_asmBlink","01_Digital_IO\002_asmBlink","2","36","2","True",".asmproj"
"01_Digital_IO","005_asmBlink","01_Digital_IO\005_asmBlink","1","15","2","True",".ini"
"01_Digital_IO","010_Blink","01_Digital_IO\010_Blink","6","81","6","False",".ini"
"01_Digital_IO","012_Blink_Arduino","01_Digital_IO\012_Blink_Arduino","16","2494","27","False",".ini"
"01_Digital_IO","020_Input_LED","01_Digital_IO\020_Input_LED","1","17","5","False",""
"01_Digital_IO","0_Blink","01_Digital_IO\0_Blink","1","8","0","False",".ini"
"01_Digital_IO","10_Blink","01_Digital_IO\10_Blink","1","9","3","False",".cproj"
"01_Digital_IO","13_Blink","01_Digital_IO\13_Blink","1","56","9","False",""
"01_Digital_IO","20_Input_LED","01_Digital_IO\20_Input_LED","1","17","7","False",""
"01_Digital_IO","21_Input_LED","01_Digital_IO\21_Input_LED","1","29","7","False",""
"01_Digital_IO","22_Inputs_LED","01_Digital_IO\22_Inputs_LED","1","19","7","False",""
"01_Digital_IO","23_Input_UpDown","01_Digital_IO\23_Input_UpDown","1","25","6","False",""
"01_Digital_IO","24_Input_Toggle","01_Digital_IO\24_Input_Toggle","1","33","7","False",""
"01_Digital_IO","912_Blink_Arduino","01_Digital_IO\912_Blink_Arduino","8","1247","27","False",""
"01_Digital_IO","asmBlink","01_Digital_IO\asmBlink","1","10","2","True",".asmproj"
"01_Digital_IO","assembler_Exam1","01_Digital_IO\assembler_Exam1","1","53","4","True",".asmproj"
"01_Digital_IO","Blink","01_Digital_IO\Blink","1","171","6","False",".cproj"
"01_Digital_IO","Blink2","01_Digital_IO\Blink2","1","10","3","False",".cproj"
"01_Digital_IO","Blink3","01_Digital_IO\Blink3","1","11","3","False",".cproj"
"01_Digital_IO","Blink9","01_Digital_IO\Blink9","1","13","3","False",""
"01_Digital_IO","GPIORead","01_Digital_IO\GPIORead","1","55","7","False",".cproj"
"01_Digital_IO","GPIO_oop","01_Digital_IO\GPIO_oop","4","164","15","False",".cppproj"
"02_Segment_Display","013_7Segments","02_Segment_Display\013_7Segments","3","33","3","False",".ini"
"02_Segment_Display","015_Four7Segments","02_Segment_Display\015_Four7Segments","2","36","5","False",".ini"
"02_Segment_Display","016_74LS595","02_Segment_Display\016_74LS595","1","57","3","False",""
"02_Segment_Display","022_7SegWithButtons","02_Segment_Display\022_7SegWithButtons","2","36","5","False",""
"02_Segment_Display","14_7Segments","02_Segment_Display\14_7Segments","1","10","1","False",""
"02_Segment_Display","15_7Segments","02_Segment_Display\15_7Segments","1","34","8","False",""
"02_Segment_Display","40_One7Segments","02_Segment_Display\40_One7Segments","1","12","1","False",""
"02_Segment_Display","42_Six7Segments","02_Segment_Display\42_Six7Segments","1","20","3","False",""
"02_Segment_Display","45_Four7Segments","02_Segment_Display\45_Four7Segments","2","45","5","False",""
"02_Segment_Display","46_Four7Segments_short","02_Segment_Display\46_Four7Segments_short","2","33","5","False",""
"02_Segment_Display","47_Four7Segments_Input","02_Segment_Display\47_Four7Segments_Input","2","45","7","False",""
"02_Segment_Display","48_Four7Segments_itoa","02_Segment_Display\48_Four7Segments_itoa","2","32","5","False",""
"02_Segment_Display","500_74LS595","02_Segment_Display\500_74LS595","1","57","3","False",""
"02_Segment_Display","500_74LS596_two","02_Segment_Display\500_74LS596_two","1","66","3","False",""
"02_Segment_Display","74LS595","02_Segment_Display\74LS595","1","58","3","False",".cproj"
"02_Segment_Display","74LS595_Test","02_Segment_Display\74LS595_Test","1","41","3","False",".cproj"
"02_Segment_Display","7Segments","02_Segment_Display\7Segments","1","25","2","False",".ini"
"03_UART_Communication","060_UART","03_UART_Communication\060_UART","3","175","5","False",".ini"
"03_UART_Communication","062_UART_printf","03_UART_Communication\062_UART_printf","1","56","5","False",""
"03_UART_Communication","063_UART_myLib","03_UART_Communication\063_UART_myLib","3","307","15","False",""
"03_UART_Communication","064_LibUART","03_UART_Communication\064_LibUART","6","1218","8","False",".ini"
"03_UART_Communication","065_LIbUART_printf","03_UART_Communication\065_LIbUART_printf","3","616","8","False",""
"03_UART_Communication","90_UART_start","03_UART_Communication\90_UART_start","1","32","4","False",""
"03_UART_Communication","91_UART_print","03_UART_Communication\91_UART_print","2","133","7","False",""
"03_UART_Communication","91_USART","03_UART_Communication\91_USART","2","125","4","False",""
"03_UART_Communication","92_UART","03_UART_Communication\92_UART","3","75","4","False",""
"03_UART_Communication","RS232","03_UART_Communication\RS232","3","609","8","False",".cproj"
"03_UART_Communication","SerialComm","03_UART_Communication\SerialComm","4","649","10","False",".cproj"
"03_UART_Communication","SerialTest","03_UART_Communication\SerialTest","3","357","15","False",".cproj"
"03_UART_Communication","SetRC_UART","03_UART_Communication\SetRC_UART","5","814","14","False",".cproj"
"03_UART_Communication","UART_Lib","03_UART_Communication\UART_Lib","3","616","8","False",".cproj"
"04_ADC","050_ADC","04_ADC\050_ADC","1","60","9","False",".cppproj/.ini"
"04_ADC","100_ADC_hold","04_ADC\100_ADC_hold","1","24","5","False",""
"04_ADC","102_ADC_on_LCD","04_ADC\102_ADC_on_LCD","3","310","9","False",""
"04_ADC","105_ADC_KeyIn_on_LCD","04_ADC\105_ADC_KeyIn_on_LCD","3","313","9","False",""
"04_ADC","108_ADC_serial","04_ADC\108_ADC_serial","1","67","9","False",""
"05_Interrupts","027_Interrupt","05_Interrupts\027_Interrupt","3","56","6","False",".cppproj/.ini"
"05_Interrupts","028_PCInterrupt","05_Interrupts\028_PCInterrupt","1","37","7","False",".cppproj/.ini"
"05_Interrupts","028_PC_Interrupt","05_Interrupts\028_PC_Interrupt","2","48","10","False",""
"05_Interrupts","041_Timer0Overflow_Int","05_Interrupts\041_Timer0Overflow_Int","3","124","9","False",".ini"
"05_Interrupts","043_Timer0CTC_Int","05_Interrupts\043_Timer0CTC_Int","2","60","10","False",".ini"
"05_Interrupts","043_Timer0_CTC_int","05_Interrupts\043_Timer0_CTC_int","1","29","9","False",""
"05_Interrupts","044_Timer0Overflow_Int_module","05_Interrupts\044_Timer0Overflow_Int_module","1","67","8","False",".ini"
"05_Interrupts","27_Interrupt","05_Interrupts\27_Interrupt","1","14","2","False",""
"05_Interrupts","28_Interrupt","05_Interrupts\28_Interrupt","1","21","2","False",""
"05_Interrupts","29_Interrupts","05_Interrupts\29_Interrupts","1","27","5","False",""
"06_Timers_Counters","040_Timer0Overflow","06_Timers_Counters\040_Timer0Overflow","3","81","7","False",".ini"
"06_Timers_Counters","042_Timer0CTC","06_Timers_Counters\042_Timer0CTC","2","55","8","False",".ini"
"06_Timers_Counters","042_Timer0_CTC","06_Timers_Counters\042_Timer0_CTC","1","27","8","False",""
"06_Timers_Counters","70_Timer0_10mSec","06_Timers_Counters\70_Timer0_10mSec","1","30","4","False",".cproj"
"06_Timers_Counters","71_Timer1Overflow","06_Timers_Counters\71_Timer1Overflow","1","33","5","False",".cproj"
"06_Timers_Counters","73_Timer1OCR","06_Timers_Counters\73_Timer1OCR","1","34","6","False",".cproj"
"06_Timers_Counters","75_Timer0_Sec0_5","06_Timers_Counters\75_Timer0_Sec0_5","1","16","4","False",""
"06_Timers_Counters","76_Timer1_Compare","06_Timers_Counters\76_Timer1_Compare","1","19","5","False",""
"06_Timers_Counters","78_Timer_with_LCD","06_Timers_Counters\78_Timer_with_LCD","4","421","13","False",""
"06_Timers_Counters","83_PulseIn","06_Timers_Counters\83_PulseIn","2","566","9","False",""
"06_Timers_Counters","84_PulseIn_timer","06_Timers_Counters\84_PulseIn_timer","2","593","13","False",""
"06_Timers_Counters","A1_LCDTimer","06_Timers_Counters\A1_LCDTimer","2","131","12","False",""
"06_Timers_Counters","Timer0","06_Timers_Counters\Timer0","3","129","8","False",".ini"
"07_PWM","045_PWM_Timer0FPWM","07_PWM\045_PWM_Timer0FPWM","2","111","5","False",".ini"
"07_PWM","080_PWM","07_PWM\080_PWM","2","36","6","False",".ini"
"07_PWM","080_PWM_bitbang","07_PWM\080_PWM_bitbang","1","14","2","False",""
"07_PWM","080_PWM_bitbang_v2","07_PWM\080_PWM_bitbang_v2","1","14","2","False",".cproj"
"07_PWM","081_PWM_Dual","07_PWM\081_PWM_Dual","1","11","5","False",""
"07_PWM","081_PWM_Timer0Interrupt","07_PWM\081_PWM_Timer0Interrupt","1","68","10","False",""
"07_PWM","081_PWM_Timer0Interrupt2","07_PWM\081_PWM_Timer0Interrupt2","3","105","8","False",""
"07_PWM","082_PWM_ADC","07_PWM\082_PWM_ADC","1","24","8","False",""
"07_PWM","082_PWM_Timer0CTC","07_PWM\082_PWM_Timer0CTC","2","104","8","False",""
"07_PWM","082_PWM_Timer0FPWM","07_PWM\082_PWM_Timer0FPWM","3","135","6","False",""
"07_PWM","082_PWM_Timer0PWM","07_PWM\082_PWM_Timer0PWM","2","97","5","False",".cproj"
"07_PWM","082_PWM_Timer1FPWM","07_PWM\082_PWM_Timer1FPWM","2","192","8","False",""
"07_PWM","082_PWM_Timer1PWM","07_PWM\082_PWM_Timer1PWM","1","11","5","False",".cproj"
"07_PWM","083_PWM_SetRC_UART","07_PWM\083_PWM_SetRC_UART","5","797","11","False",""
"07_PWM","088_FastPWM","07_PWM\088_FastPWM","2","123","7","False",".ini"
"07_PWM","81_PWM","07_PWM\81_PWM","1","136","20","False",""
"07_PWM","82_PWM","07_PWM\82_PWM","1","153","25","False",""
"08_Motors","810_Motor_Stepper","08_Motors\810_Motor_Stepper","2","164","3","False",".ini"
"08_Motors","811_Motor_RC","08_Motors\811_Motor_RC","10","1598","11","False",".ini"
"08_Motors","812_Motor_DCM","08_Motors\812_Motor_DCM","2","120","16","False",".ini"
"09_I2C_Communication","220_TWI_LM75","09_I2C_Communication\220_TWI_LM75","11","306","7","False",".ini"
"09_I2C_Communication","221_TWI_RTC","09_I2C_Communication\221_TWI_RTC","7","237","7","False",""
"09_I2C_Communication","224_TWI_PCF8574","09_I2C_Communication\224_TWI_PCF8574","11","432","6","False",".ini"
"09_I2C_Communication","225_TWI_LCD","09_I2C_Communication\225_TWI_LCD","5","288","4","False",""
"09_I2C_Communication","225_TWI_PCF8575","09_I2C_Communication\225_TWI_PCF8575","7","786","14","False",""
"09_I2C_Communication","226_TWO_LCD_OOP","09_I2C_Communication\226_TWO_LCD_OOP","6","292","1","False",""
"09_I2C_Communication","ADXL_ITG_20150521","09_I2C_Communication\ADXL_ITG_20150521","41","2872","17","False",".cproj"
"09_I2C_Communication","IMU_9DOF","09_I2C_Communication\IMU_9DOF","4","808","16","False",""
"09_I2C_Communication","IMU_9DOF_euler","09_I2C_Communication\IMU_9DOF_euler","4","808","16","False",""
"09_I2C_Communication","IMU_9DOF_V21","09_I2C_Communication\IMU_9DOF_V21","4","961","14","False",""
"09_I2C_Communication","LCD_I2C","09_I2C_Communication\LCD_I2C","1","16","0","False",".ini"
"09_I2C_Communication","LCD_I2C_v2","09_I2C_Communication\LCD_I2C_v2","5","286","4","False",".cppproj"
"09_I2C_Communication","MainPro328F","09_I2C_Communication\MainPro328F","12","697","18","False",".cproj"
"09_I2C_Communication","TWI_LCD","09_I2C_Communication\TWI_LCD","5","287","4","False",".cppproj"
"10_SPI_Communication","018_74LS595_oop","10_SPI_Communication\018_74LS595_oop","3","64","1","False",""
"10_SPI_Communication","105_SerialShift_595","10_SPI_Communication\105_SerialShift_595","1","68","3","False",".ini"
"10_SPI_Communication","110_SPI","10_SPI_Communication\110_SPI","2","104","12","False",""
"10_SPI_Communication","110_SPI_MAX7219","10_SPI_Communication\110_SPI_MAX7219","4","309","12","False",".ini"
"10_SPI_Communication","110_SPI_MAX7219_v2","10_SPI_Communication\110_SPI_MAX7219_v2","2","148","12","False",".cproj"
"10_SPI_Communication","110_SPI_MCP41xx","10_SPI_Communication\110_SPI_MCP41xx","4","721","21","False",""
"10_SPI_Communication","115_SPI_Software_MAX7219","10_SPI_Communication\115_SPI_Software_MAX7219","4","343","11","False",""
"11_OneWire_Communication","600_DS18B20","11_OneWire_Communication\600_DS18B20","3","152","8","False",".ini"
"12_EEPROM","200_Menu_start","12_EEPROM\200_Menu_start","6","212","9","False",""
"12_EEPROM","201_eeprom","12_EEPROM\201_eeprom","6","1254","9","False",".ini"
"12_EEPROM","210_Menu_eeprom","12_EEPROM\210_Menu_eeprom","5","194","9","False",""
"12_EEPROM","eeprom","12_EEPROM\eeprom","3","629","9","False",".cproj"
"13_WatchDog_Sleep","900_Wachdog","13_WatchDog_Sleep\900_Wachdog","2","76","9","False",".ini"
"13_WatchDog_Sleep","Watchdog","13_WatchDog_Sleep\Watchdog","1","38","9","False",".cproj"
"14_Bootloader","Bootloader","14_Bootloader\Bootloader","4","1094","18","False",".cproj"
"15_Projects","200_Menu_start","15_Projects\200_Menu_start","6","119","9","False",""
"15_Projects","777_Allfunction","15_Projects\777_Allfunction","12","1153","24","False",""
"15_Projects","777_AllFunctions_OOP","15_Projects\777_AllFunctions_OOP","16","1345","26","False",""
"15_Projects","777_AllFunctions_OOP_v2","15_Projects\777_AllFunctions_OOP_v2","14","1323","26","False",".cppproj"
"15_Projects","ArduinoSketch1","15_Projects\ArduinoSketch1","46","5304","41","True",".cppproj"
"15_Projects","MainPro328F_v6","15_Projects\MainPro328F_v6","12","697","18","False",".cproj"
"15_Projects","Modules","15_Projects\Modules","7","328","1","False",""
"15_Projects","Sensors","15_Projects\Sensors","12","560","18","False",""
"20_Applications","056_GLCD_Img","20_Applications\Graphic_LCD\056_GLCD_Img","3","329","6","False",""
"20_Applications","057_GLCD_Text","20_Applications\Graphic_LCD\057_GLCD_Text","2","238","5","False",""
"20_Applications","900_megaOS","20_Applications\megaOS\900_megaOS","9","216","2","True",""
"20_Applications","910_megaOs","20_Applications\megaOS\910_megaOs","2","39","0","True",""
"20_Applications","017_74LS596_two","20_Applications\Simple_Sensors_Extended\017_74LS596_two","3","97","3","False",""
"20_Applications","026_Keypad","20_Applications\Simple_Sensors_Extended\026_Keypad","2","116","7","False",".ini"
"20_Applications","25_Keypad","20_Applications\Simple_Sensors_Extended\25_Keypad","1","66","6","False",""
"20_Applications","26_Keypad(4x4)","20_Applications\Simple_Sensors_Extended\26_Keypad(4x4)","1","76","7","False",""
"20_Applications","510_Ultrasound","20_Applications\Simple_Sensors_Extended\510_Ultrasound","5","796","18","False",""
"20_Applications","510_Ultrasound_v2","20_Applications\Simple_Sensors_Extended\510_Ultrasound_v2","3","125","13","False",""
"20_Applications","511_RotaryEncoder","20_Applications\Simple_Sensors_Extended\511_RotaryEncoder","3","102","7","False",""
"20_Applications","950_ttl_uC","20_Applications\Simple_Sensors_Extended\950_ttl_uC","0","0","0","False",""
"20_Applications","030_myTextLCD","20_Applications\Text_LCD_Parallel\030_myTextLCD","2","166","6","False",".ini"
"20_Applications","032_LibTextLCD","20_Applications\Text_LCD_Parallel\032_LibTextLCD","7","648","9","False",".ini"
"20_Applications","035_textLCDADC","20_Applications\Text_LCD_Parallel\035_textLCDADC","3","327","9","False",""
"20_Applications","62_textLCD","20_Applications\Text_LCD_Parallel\62_textLCD","1","79","6","False",""
"20_Applications","63_textLCD","20_Applications\Text_LCD_Parallel\63_textLCD","2","102","5","False",""
"20_Applications","64_textLCD_4bits","20_Applications\Text_LCD_Parallel\64_textLCD_4bits","4","383","8","False",""
"20_Applications","65_textLCD2","20_Applications\Text_LCD_Parallel\65_textLCD2","1","193","6","False",""
"20_Applications","66_textLCD3","20_Applications\Text_LCD_Parallel\66_textLCD3","1","257","10","False",""
"20_Applications","67_textLCD4","20_Applications\Text_LCD_Parallel\67_textLCD4","5","320","1","False",""
"20_Applications","68_textLCDLib","20_Applications\Text_LCD_Parallel\68_textLCDLib","3","304","7","False",""
"20_Applications","69_textLCD3_read","20_Applications\Text_LCD_Parallel\69_textLCD3_read","1","265","10","False",""
"20_Applications","LCD1","20_Applications\Text_LCD_Parallel\LCD1","1","3","0","False",".cppproj"
"20_Applications","LCDTest","20_Applications\Text_LCD_Parallel\LCDTest","3","314","9","False",".cproj"
"20_Applications","TestLCD","20_Applications\Text_LCD_Parallel\TestLCD","3","370","13","False",".cproj"
