D:\Github\Microcontroller\10_Atmega328P\02_AVR_C_Development\09_Simple_Sensors\017_74LS596_two	D:\Github\Microcontroller\10_Atmega328P\02_AVR_C_Development\20_Applications\Simple_Sensors_Extended\017_74LS596_two
D:\Github\Microcontroller\10_Atmega328P\02_AVR_C_Development\09_Simple_Sensors\026_Keypad	D:\Github\Microcontroller\10_Atmega328P\02_AVR_C_Development\20_Applications\Simple_Sensors_Extended\026_Keypad
D:\Github\Microcontroller\10_Atmega328P\02_AVR_C_Development\09_Simple_Sensors\25_Keypad	D:\Github\Microcontroller\10_Atmega328P\02_AVR_C_Development\20_Applications\Simple_Sensors_Extended\25_Keypad
D:\Github\Microcontroller\10_Atmega328P\02_AVR_C_Development\09_Simple_Sensors\26_Keypad(4x4)	D:\Github\Microcontroller\10_Atmega328P\02_AVR_C_Development\20_Applications\Simple_Sensors_Extended\26_Keypad(4x4)
D:\Github\Microcontroller\10_Atmega328P\02_AVR_C_Development\09_Simple_Sensors\510_Ultrasound	D:\Github\Microcontroller\10_Atmega328P\02_AVR_C_Development\20_Applications\Simple_Sensors_Extended\510_Ultrasound
D:\Github\Microcontroller\10_Atmega328P\02_AVR_C_Development\09_Simple_Sensors\510_Ultrasound_v2	D:\Github\Microcontroller\10_Atmega328P\02_AVR_C_Development\20_Applications\Simple_Sensors_Extended\510_Ultrasound_v2
D:\Github\Microcontroller\10_Atmega328P\02_AVR_C_Development\09_Simple_Sensors\511_RotaryEncoder	D:\Github\Microcontroller\10_Atmega328P\02_AVR_C_Development\20_Applications\Simple_Sensors_Extended\511_RotaryEncoder
D:\Github\Microcontroller\10_Atmega328P\02_AVR_C_Development\09_Simple_Sensors\950_ttl_uC	D:\Github\Microcontroller\10_Atmega328P\02_AVR_C_Development\20_Applications\Simple_Sensors_Extended\950_ttl_uC
D:\Github\Microcontroller\10_Atmega328P\02_AVR_C_Development\09_Simple_Sensors\README.md	D:\Github\Microcontroller\10_Atmega328P\02_AVR_C_Development\20_Applications\Simple_Sensors_Extended\README.md
D:\Github\Microcontroller\10_Atmega328P\02_AVR_C_Development\09_I2C_Communication\030_myTextLCD	D:\Github\Microcontroller\10_Atmega328P\02_AVR_C_Development\20_Applications\Text_LCD_Parallel\030_myTextLCD
D:\Github\Microcontroller\10_Atmega328P\02_AVR_C_Development\09_I2C_Communication\032_LibTextLCD	D:\Github\Microcontroller\10_Atmega328P\02_AVR_C_Development\20_Applications\Text_LCD_Parallel\032_LibTextLCD
D:\Github\Microcontroller\10_Atmega328P\02_AVR_C_Development\09_I2C_Communication\035_textLCDADC	D:\Github\Microcontroller\10_Atmega328P\02_AVR_C_Development\20_Applications\Text_LCD_Parallel\035_textLCDADC
D:\Github\Microcontroller\10_Atmega328P\02_AVR_C_Development\09_I2C_Communication\62_textLCD	D:\Github\Microcontroller\10_Atmega328P\02_AVR_C_Development\20_Applications\Text_LCD_Parallel\62_textLCD
D:\Github\Microcontroller\10_Atmega328P\02_AVR_C_Development\09_I2C_Communication\63_textLCD	D:\Github\Microcontroller\10_Atmega328P\02_AVR_C_Development\20_Applications\Text_LCD_Parallel\63_textLCD
D:\Github\Microcontroller\10_Atmega328P\02_AVR_C_Development\09_I2C_Communication\64_textLCD_4bits	D:\Github\Microcontroller\10_Atmega328P\02_AVR_C_Development\20_Applications\Text_LCD_Parallel\64_textLCD_4bits
D:\Github\Microcontroller\10_Atmega328P\02_AVR_C_Development\09_I2C_Communication\65_textLCD2	D:\Github\Microcontroller\10_Atmega328P\02_AVR_C_Development\20_Applications\Text_LCD_Parallel\65_textLCD2
D:\Github\Microcontroller\10_Atmega328P\02_AVR_C_Development\09_I2C_Communication\66_textLCD3	D:\Github\Microcontroller\10_Atmega328P\02_AVR_C_Development\20_Applications\Text_LCD_Parallel\66_textLCD3
D:\Github\Microcontroller\10_Atmega328P\02_AVR_C_Development\09_I2C_Communication\67_textLCD4	D:\Github\Microcontroller\10_Atmega328P\02_AVR_C_Development\20_Applications\Text_LCD_Parallel\67_textLCD4
D:\Github\Microcontroller\10_Atmega328P\02_AVR_C_Development\09_I2C_Communication\68_textLCDLib	D:\Github\Microcontroller\10_Atmega328P\02_AVR_C_Development\20_Applications\Text_LCD_Parallel\68_textLCDLib
D:\Github\Microcontroller\10_Atmega328P\02_AVR_C_Development\09_I2C_Communication\69_textLCD3_read	D:\Github\Microcontroller\10_Atmega328P\02_AVR_C_Development\20_Applications\Text_LCD_Parallel\69_textLCD3_read
D:\Github\Microcontroller\10_Atmega328P\02_AVR_C_Development\09_I2C_Communication\LCD1	D:\Github\Microcontroller\10_Atmega328P\02_AVR_C_Development\20_Applications\Text_LCD_Parallel\LCD1
D:\Github\Microcontroller\10_Atmega328P\02_AVR_C_Development\09_I2C_Communication\LCDTest	D:\Github\Microcontroller\10_Atmega328P\02_AVR_C_Development\20_Applications\Text_LCD_Parallel\LCDTest
D:\Github\Microcontroller\10_Atmega328P\02_AVR_C_Development\09_I2C_Communication\TestLCD	D:\Github\Microcontroller\10_Atmega328P\02_AVR_C_Development\20_Applications\Text_LCD_Parallel\TestLCD
D:\Github\Microcontroller\10_Atmega328P\02_AVR_C_Development\14_Advanced_Internal\Watchdog	D:\Github\Microcontroller\10_Atmega328P\02_AVR_C_Development\13_WatchDog_Sleep\Watchdog
D:\Github\Microcontroller\10_Atmega328P\02_AVR_C_Development\14_Advanced_Internal\900_Wachdog	D:\Github\Microcontroller\10_Atmega328P\02_AVR_C_Development\13_WatchDog_Sleep\900_Wachdog
D:\Github\Microcontroller\10_Atmega328P\02_AVR_C_Development\14_Advanced_Internal\Bootloader	D:\Github\Microcontroller\10_Atmega328P\02_AVR_C_Development\14_Bootloader\Bootloader
D:\Github\Microcontroller\10_Atmega328P\02_AVR_C_Development\14_Advanced_Internal\056_GLCD_Img	D:\Github\Microcontroller\10_Atmega328P\02_AVR_C_Development\20_Applications\Graphic_LCD\056_GLCD_Img
D:\Github\Microcontroller\10_Atmega328P\02_AVR_C_Development\14_Advanced_Internal\057_GLCD_Text	D:\Github\Microcontroller\10_Atmega328P\02_AVR_C_Development\20_Applications\Graphic_LCD\057_GLCD_Text
D:\Github\Microcontroller\10_Atmega328P\02_AVR_C_Development\14_Advanced_Internal\900_megaOS	D:\Github\Microcontroller\10_Atmega328P\02_AVR_C_Development\20_Applications\megaOS\900_megaOS
D:\Github\Microcontroller\10_Atmega328P\02_AVR_C_Development\14_Advanced_Internal\910_megaOs	D:\Github\Microcontroller\10_Atmega328P\02_AVR_C_Development\20_Applications\megaOS\910_megaOs
