"A","B","Jac","LocA","LocB"
"01_Digital_IO\002_asmBlink","01_Digital_IO\005_asmBlink","0.75","20","15"
"01_Digital_IO\012_Blink_Arduino","01_Digital_IO\912_Blink_Arduino","1","1011","1011"
"01_Digital_IO\23_Input_UpDown","01_Digital_IO\24_Input_Toggle","0.71","25","33"
"01_Digital_IO\Blink","07_PWM\082_PWM_Timer1FPWM","0.79","84","104"
"01_Digital_IO\GPIORead","03_UART_Communication\062_UART_printf","0.89","53","53"
"02_Segment_Display\016_74LS595","02_Segment_Display\500_74LS595","1","54","54"
"02_Segment_Display\016_74LS595","02_Segment_Display\500_74LS596_two","0.9","54","56"
"02_Segment_Display\016_74LS595","02_Segment_Display\74LS595","0.77","54","56"
"02_Segment_Display\016_74LS595","20_Applications\Simple_Sensors_Extended\017_74LS596_two","0.65","54","75"
"02_Segment_Display\500_74LS595","02_Segment_Display\500_74LS596_two","0.9","54","56"
"02_Segment_Display\500_74LS595","02_Segment_Display\74LS595","0.77","54","56"
"02_Segment_Display\500_74LS595","20_Applications\Simple_Sensors_Extended\017_74LS596_two","0.65","54","75"
"02_Segment_Display\500_74LS596_two","02_Segment_Display\74LS595","0.7","56","56"
"02_Segment_Display\500_74LS596_two","20_Applications\Simple_Sensors_Extended\017_74LS596_two","0.72","56","75"
"03_UART_Communication\064_LibUART","03_UART_Communication\065_LIbUART_printf","0.94","392","400"
"03_UART_Communication\064_LibUART","03_UART_Communication\RS232","1","392","392"
"03_UART_Communication\064_LibUART","03_UART_Communication\SerialComm","0.88","392","429"
"03_UART_Communication\064_LibUART","03_UART_Communication\SetRC_UART","0.73","392","507"
"03_UART_Communication\064_LibUART","03_UART_Communication\UART_Lib","0.94","392","400"
"03_UART_Communication\064_LibUART","06_Timers_Counters\83_PulseIn","0.78","392","377"
"03_UART_Communication\064_LibUART","06_Timers_Counters\84_PulseIn_timer","0.72","392","407"
"03_UART_Communication\064_LibUART","07_PWM\083_PWM_SetRC_UART","0.76","392","490"
"03_UART_Communication\064_LibUART","08_Motors\811_Motor_RC","0.75","392","494"
"03_UART_Communication\064_LibUART","09_I2C_Communication\225_TWI_PCF8575","0.68","392","539"
"03_UART_Communication\064_LibUART","10_SPI_Communication\110_SPI_MCP41xx","0.73","392","501"
"03_UART_Communication\064_LibUART","12_EEPROM\201_eeprom","0.89","392","410"
"03_UART_Communication\064_LibUART","12_EEPROM\eeprom","0.89","392","410"
"03_UART_Communication\064_LibUART","20_Applications\Simple_Sensors_Extended\510_Ultrasound","0.75","392","487"
"03_UART_Communication\065_LIbUART_printf","03_UART_Communication\RS232","0.94","400","392"
"03_UART_Communication\065_LIbUART_printf","03_UART_Communication\SerialComm","0.93","400","429"
"03_UART_Communication\065_LIbUART_printf","03_UART_Communication\SetRC_UART","0.75","400","507"
"03_UART_Communication\065_LIbUART_printf","03_UART_Communication\UART_Lib","1","400","400"
"03_UART_Communication\065_LIbUART_printf","06_Timers_Counters\83_PulseIn","0.77","400","377"
"03_UART_Communication\065_LIbUART_printf","06_Timers_Counters\84_PulseIn_timer","0.71","400","407"
"03_UART_Communication\065_LIbUART_printf","07_PWM\083_PWM_SetRC_UART","0.77","400","490"
"03_UART_Communication\065_LIbUART_printf","08_Motors\811_Motor_RC","0.77","400","494"
"03_UART_Communication\065_LIbUART_printf","09_I2C_Communication\225_TWI_PCF8575","0.67","400","539"
"03_UART_Communication\065_LIbUART_printf","10_SPI_Communication\110_SPI_MCP41xx","0.72","400","501"
"03_UART_Communication\065_LIbUART_printf","12_EEPROM\201_eeprom","0.91","400","410"
"03_UART_Communication\065_LIbUART_printf","12_EEPROM\eeprom","0.91","400","410"
"03_UART_Communication\065_LIbUART_printf","20_Applications\Simple_Sensors_Extended\510_Ultrasound","0.74","400","487"
"03_UART_Communication\RS232","03_UART_Communication\SerialComm","0.88","392","429"
"03_UART_Communication\RS232","03_UART_Communication\SetRC_UART","0.73","392","507"
"03_UART_Communication\RS232","03_UART_Communication\UART_Lib","0.94","392","400"
"03_UART_Communication\RS232","06_Timers_Counters\83_PulseIn","0.78","392","377"
"03_UART_Communication\RS232","06_Timers_Counters\84_PulseIn_timer","0.72","392","407"
"03_UART_Communication\RS232","07_PWM\083_PWM_SetRC_UART","0.76","392","490"
"03_UART_Communication\RS232","08_Motors\811_Motor_RC","0.75","392","494"
"03_UART_Communication\RS232","09_I2C_Communication\225_TWI_PCF8575","0.68","392","539"
"03_UART_Communication\RS232","10_SPI_Communication\110_SPI_MCP41xx","0.73","392","501"
"03_UART_Communication\RS232","12_EEPROM\201_eeprom","0.89","392","410"
"03_UART_Communication\RS232","12_EEPROM\eeprom","0.89","392","410"
"03_UART_Communication\RS232","20_Applications\Simple_Sensors_Extended\510_Ultrasound","0.75","392","487"
"03_UART_Communication\SerialComm","03_UART_Communication\SetRC_UART","0.71","429","507"
"03_UART_Communication\SerialComm","03_UART_Communication\UART_Lib","0.93","429","400"
"03_UART_Communication\SerialComm","06_Timers_Counters\83_PulseIn","0.72","429","377"
"03_UART_Communication\SerialComm","06_Timers_Counters\84_PulseIn_timer","0.68","429","407"
"03_UART_Communication\SerialComm","07_PWM\083_PWM_SetRC_UART","0.73","429","490"
"03_UART_Communication\SerialComm","08_Motors\811_Motor_RC","0.73","429","494"
"03_UART_Communication\SerialComm","09_I2C_Communication\225_TWI_PCF8575","0.65","429","539"
"03_UART_Communication\SerialComm","10_SPI_Communication\110_SPI_MCP41xx","0.69","429","501"
"03_UART_Communication\SerialComm","12_EEPROM\201_eeprom","0.86","429","410"
"03_UART_Communication\SerialComm","12_EEPROM\eeprom","0.86","429","410"
"03_UART_Communication\SerialComm","20_Applications\Simple_Sensors_Extended\510_Ultrasound","0.7","429","487"
"03_UART_Communication\SerialTest","04_ADC\102_ADC_on_LCD","0.74","265","221"
"03_UART_Communication\SerialTest","04_ADC\105_ADC_KeyIn_on_LCD","0.74","265","223"
"03_UART_Communication\SerialTest","20_Applications\Text_LCD_Parallel\032_LibTextLCD","0.72","265","217"
"03_UART_Communication\SerialTest","20_Applications\Text_LCD_Parallel\035_textLCDADC","0.65","265","231"
"03_UART_Communication\SerialTest","20_Applications\Text_LCD_Parallel\68_textLCDLib","0.7","265","212"
"03_UART_Communication\SerialTest","20_Applications\Text_LCD_Parallel\LCDTest","0.73","265","219"
"03_UART_Communication\SerialTest","20_Applications\Text_LCD_Parallel\TestLCD","0.72","265","265"
"03_UART_Communication\SetRC_UART","03_UART_Communication\UART_Lib","0.75","507","400"
"03_UART_Communication\SetRC_UART","06_Timers_Counters\83_PulseIn","0.62","507","377"
"03_UART_Communication\SetRC_UART","07_PWM\083_PWM_SetRC_UART","0.96","507","490"
"03_UART_Communication\SetRC_UART","08_Motors\811_Motor_RC","0.95","507","494"
"03_UART_Communication\SetRC_UART","10_SPI_Communication\110_SPI_MCP41xx","0.63","507","501"
"03_UART_Communication\SetRC_UART","12_EEPROM\201_eeprom","0.72","507","410"
"03_UART_Communication\SetRC_UART","12_EEPROM\eeprom","0.72","507","410"
"03_UART_Communication\SetRC_UART","20_Applications\Simple_Sensors_Extended\510_Ultrasound","0.83","507","487"
"03_UART_Communication\UART_Lib","06_Timers_Counters\83_PulseIn","0.77","400","377"
"03_UART_Communication\UART_Lib","06_Timers_Counters\84_PulseIn_timer","0.71","400","407"
"03_UART_Communication\UART_Lib","07_PWM\083_PWM_SetRC_UART","0.77","400","490"
"03_UART_Communication\UART_Lib","08_Motors\811_Motor_RC","0.77","400","494"
"03_UART_Communication\UART_Lib","09_I2C_Communication\225_TWI_PCF8575","0.67","400","539"
"03_UART_Communication\UART_Lib","10_SPI_Communication\110_SPI_MCP41xx","0.72","400","501"
"03_UART_Communication\UART_Lib","12_EEPROM\201_eeprom","0.91","400","410"
"03_UART_Communication\UART_Lib","12_EEPROM\eeprom","0.91","400","410"
"03_UART_Communication\UART_Lib","20_Applications\Simple_Sensors_Extended\510_Ultrasound","0.74","400","487"
"04_ADC\102_ADC_on_LCD","04_ADC\105_ADC_KeyIn_on_LCD","0.99","221","223"
"04_ADC\102_ADC_on_LCD","06_Timers_Counters\78_Timer_with_LCD","0.7","221","266"
"04_ADC\102_ADC_on_LCD","20_Applications\Text_LCD_Parallel\032_LibTextLCD","0.87","221","217"
"04_ADC\102_ADC_on_LCD","20_Applications\Text_LCD_Parallel\035_textLCDADC","0.82","221","231"
"04_ADC\102_ADC_on_LCD","20_Applications\Text_LCD_Parallel\64_textLCD_4bits","0.73","221","266"
"04_ADC\102_ADC_on_LCD","20_Applications\Text_LCD_Parallel\68_textLCDLib","0.89","221","212"
"04_ADC\102_ADC_on_LCD","20_Applications\Text_LCD_Parallel\LCDTest","0.86","221","219"
"04_ADC\102_ADC_on_LCD","20_Applications\Text_LCD_Parallel\TestLCD","0.72","221","265"
"04_ADC\105_ADC_KeyIn_on_LCD","06_Timers_Counters\78_Timer_with_LCD","0.7","223","266"
"04_ADC\105_ADC_KeyIn_on_LCD","20_Applications\Text_LCD_Parallel\032_LibTextLCD","0.86","223","217"
"04_ADC\105_ADC_KeyIn_on_LCD","20_Applications\Text_LCD_Parallel\035_textLCDADC","0.82","223","231"
"04_ADC\105_ADC_KeyIn_on_LCD","20_Applications\Text_LCD_Parallel\64_textLCD_4bits","0.72","223","266"
"04_ADC\105_ADC_KeyIn_on_LCD","20_Applications\Text_LCD_Parallel\68_textLCDLib","0.88","223","212"
"04_ADC\105_ADC_KeyIn_on_LCD","20_Applications\Text_LCD_Parallel\LCDTest","0.86","223","219"
"04_ADC\105_ADC_KeyIn_on_LCD","20_Applications\Text_LCD_Parallel\TestLCD","0.72","223","265"
"05_Interrupts\043_Timer0CTC_Int","05_Interrupts\043_Timer0_CTC_int","0.81","36","29"
"05_Interrupts\043_Timer0CTC_Int","06_Timers_Counters\042_Timer0_CTC","0.62","36","27"
"05_Interrupts\043_Timer0_CTC_int","06_Timers_Counters\042_Timer0_CTC","0.75","29","27"
"05_Interrupts\044_Timer0Overflow_Int_module","07_PWM\081_PWM_Timer0Interrupt","0.74","43","44"
"05_Interrupts\044_Timer0Overflow_Int_module","07_PWM\081_PWM_Timer0Interrupt2","0.67","43","57"
"06_Timers_Counters\042_Timer0CTC","06_Timers_Counters\042_Timer0_CTC","0.66","36","27"
"06_Timers_Counters\71_Timer1Overflow","06_Timers_Counters\73_Timer1OCR","0.65","32","34"
"06_Timers_Counters\78_Timer_with_LCD","20_Applications\Text_LCD_Parallel\032_LibTextLCD","0.7","266","217"
"06_Timers_Counters\78_Timer_with_LCD","20_Applications\Text_LCD_Parallel\035_textLCDADC","0.6","266","231"
"06_Timers_Counters\78_Timer_with_LCD","20_Applications\Text_LCD_Parallel\64_textLCD_4bits","0.61","266","266"
"06_Timers_Counters\78_Timer_with_LCD","20_Applications\Text_LCD_Parallel\68_textLCDLib","0.71","266","212"
"06_Timers_Counters\78_Timer_with_LCD","20_Applications\Text_LCD_Parallel\LCDTest","0.7","266","219"
"06_Timers_Counters\83_PulseIn","06_Timers_Counters\84_PulseIn_timer","0.86","377","407"
"06_Timers_Counters\83_PulseIn","07_PWM\083_PWM_SetRC_UART","0.64","377","490"
"06_Timers_Counters\83_PulseIn","08_Motors\811_Motor_RC","0.63","377","494"
"06_Timers_Counters\83_PulseIn","10_SPI_Communication\110_SPI_MCP41xx","0.65","377","501"
"06_Timers_Counters\83_PulseIn","12_EEPROM\201_eeprom","0.75","377","410"
"06_Timers_Counters\83_PulseIn","12_EEPROM\eeprom","0.75","377","410"
"06_Timers_Counters\83_PulseIn","20_Applications\Simple_Sensors_Extended\510_Ultrasound","0.64","377","487"
"06_Timers_Counters\84_PulseIn_timer","07_PWM\083_PWM_SetRC_UART","0.6","407","490"
"06_Timers_Counters\84_PulseIn_timer","10_SPI_Communication\110_SPI_MCP41xx","0.61","407","501"
"06_Timers_Counters\84_PulseIn_timer","12_EEPROM\201_eeprom","0.7","407","410"
"06_Timers_Counters\84_PulseIn_timer","12_EEPROM\eeprom","0.7","407","410"
"06_Timers_Counters\84_PulseIn_timer","20_Applications\Simple_Sensors_Extended\510_Ultrasound","0.61","407","487"
"06_Timers_Counters\Timer0","07_PWM\045_PWM_Timer0FPWM","0.75","72","63"
"06_Timers_Counters\Timer0","07_PWM\082_PWM_Timer0FPWM","0.64","72","76"
"06_Timers_Counters\Timer0","07_PWM\082_PWM_Timer0PWM","0.64","72","61"
"06_Timers_Counters\Timer0","07_PWM\088_FastPWM","0.63","72","75"
"07_PWM\045_PWM_Timer0FPWM","07_PWM\082_PWM_Timer0FPWM","0.78","63","76"
"07_PWM\045_PWM_Timer0FPWM","07_PWM\082_PWM_Timer0PWM","0.82","63","61"
"07_PWM\045_PWM_Timer0FPWM","07_PWM\088_FastPWM","0.75","63","75"
"07_PWM\080_PWM_bitbang","07_PWM\080_PWM_bitbang_v2","0.75","14","14"
"07_PWM\081_PWM_Timer0Interrupt","07_PWM\081_PWM_Timer0Interrupt2","0.66","44","57"
"07_PWM\081_PWM_Timer0Interrupt2","07_PWM\082_PWM_Timer0CTC","0.7","57","67"
"07_PWM\082_PWM_Timer0FPWM","07_PWM\082_PWM_Timer0PWM","0.76","76","61"
"07_PWM\082_PWM_Timer0FPWM","07_PWM\088_FastPWM","0.64","76","75"
"07_PWM\082_PWM_Timer0PWM","07_PWM\088_FastPWM","0.66","61","75"
"07_PWM\083_PWM_SetRC_UART","08_Motors\811_Motor_RC","0.99","490","494"
"07_PWM\083_PWM_SetRC_UART","10_SPI_Communication\110_SPI_MCP41xx","0.62","490","501"
"07_PWM\083_PWM_SetRC_UART","12_EEPROM\201_eeprom","0.75","490","410"
"07_PWM\083_PWM_SetRC_UART","12_EEPROM\eeprom","0.75","490","410"
"07_PWM\083_PWM_SetRC_UART","20_Applications\Simple_Sensors_Extended\510_Ultrasound","0.85","490","487"
"07_PWM\81_PWM","07_PWM\82_PWM","0.79","123","127"
"08_Motors\811_Motor_RC","10_SPI_Communication\110_SPI_MCP41xx","0.62","494","501"
"08_Motors\811_Motor_RC","12_EEPROM\201_eeprom","0.74","494","410"
"08_Motors\811_Motor_RC","12_EEPROM\eeprom","0.74","494","410"
"08_Motors\811_Motor_RC","20_Applications\Simple_Sensors_Extended\510_Ultrasound","0.85","494","487"
"09_I2C_Communication\225_TWI_LCD","09_I2C_Communication\LCD_I2C_v2","0.97","255","256"
"09_I2C_Communication\225_TWI_LCD","09_I2C_Communication\TWI_LCD","0.98","255","256"
"09_I2C_Communication\225_TWI_PCF8575","12_EEPROM\201_eeprom","0.66","539","410"
"09_I2C_Communication\225_TWI_PCF8575","12_EEPROM\eeprom","0.66","539","410"
"09_I2C_Communication\226_TWO_LCD_OOP","15_Projects\Modules","0.9","248","277"
"09_I2C_Communication\IMU_9DOF","09_I2C_Communication\IMU_9DOF_euler","1","515","516"
"09_I2C_Communication\IMU_9DOF","09_I2C_Communication\IMU_9DOF_V21","0.76","515","523"
"09_I2C_Communication\IMU_9DOF_euler","09_I2C_Communication\IMU_9DOF_V21","0.76","516","523"
"09_I2C_Communication\LCD_I2C_v2","09_I2C_Communication\TWI_LCD","0.95","256","256"
"09_I2C_Communication\MainPro328F","15_Projects\MainPro328F_v6","1","560","560"
"10_SPI_Communication\110_SPI","10_SPI_Communication\110_SPI_MAX7219_v2","0.63","103","145"
"10_SPI_Communication\110_SPI_MAX7219","10_SPI_Communication\110_SPI_MAX7219_v2","0.92","158","145"
"10_SPI_Communication\110_SPI_MCP41xx","12_EEPROM\201_eeprom","0.71","501","410"
"10_SPI_Communication\110_SPI_MCP41xx","12_EEPROM\eeprom","0.71","501","410"
"10_SPI_Communication\110_SPI_MCP41xx","20_Applications\Simple_Sensors_Extended\510_Ultrasound","0.64","501","487"
"12_EEPROM\200_Menu_start","12_EEPROM\210_Menu_eeprom","0.78","124","148"
"12_EEPROM\201_eeprom","12_EEPROM\eeprom","0.99","410","410"
"12_EEPROM\201_eeprom","20_Applications\Simple_Sensors_Extended\510_Ultrasound","0.73","410","487"
"12_EEPROM\eeprom","20_Applications\Simple_Sensors_Extended\510_Ultrasound","0.73","410","487"
"13_WatchDog_Sleep\900_Wachdog","13_WatchDog_Sleep\Watchdog","0.84","31","28"
"15_Projects\777_Allfunction","15_Projects\777_AllFunctions_OOP","0.81","769","912"
"15_Projects\777_Allfunction","15_Projects\777_AllFunctions_OOP_v2","0.79","769","895"
"15_Projects\777_AllFunctions_OOP","15_Projects\777_AllFunctions_OOP_v2","0.96","912","895"
"20_Applications\Graphic_LCD\056_GLCD_Img","20_Applications\Graphic_LCD\057_GLCD_Text","0.7","275","203"
"20_Applications\Text_LCD_Parallel\032_LibTextLCD","20_Applications\Text_LCD_Parallel\035_textLCDADC","0.76","217","231"
"20_Applications\Text_LCD_Parallel\032_LibTextLCD","20_Applications\Text_LCD_Parallel\64_textLCD_4bits","0.77","217","266"
"20_Applications\Text_LCD_Parallel\032_LibTextLCD","20_Applications\Text_LCD_Parallel\68_textLCDLib","0.96","217","212"
"20_Applications\Text_LCD_Parallel\032_LibTextLCD","20_Applications\Text_LCD_Parallel\LCDTest","0.99","217","219"
"20_Applications\Text_LCD_Parallel\032_LibTextLCD","20_Applications\Text_LCD_Parallel\TestLCD","0.79","217","265"
"20_Applications\Text_LCD_Parallel\035_textLCDADC","20_Applications\Text_LCD_Parallel\64_textLCD_4bits","0.62","231","266"
"20_Applications\Text_LCD_Parallel\035_textLCDADC","20_Applications\Text_LCD_Parallel\68_textLCDLib","0.75","231","212"
"20_Applications\Text_LCD_Parallel\035_textLCDADC","20_Applications\Text_LCD_Parallel\LCDTest","0.76","231","219"
"20_Applications\Text_LCD_Parallel\035_textLCDADC","20_Applications\Text_LCD_Parallel\TestLCD","0.64","231","265"
"20_Applications\Text_LCD_Parallel\64_textLCD_4bits","20_Applications\Text_LCD_Parallel\68_textLCDLib","0.8","266","212"
"20_Applications\Text_LCD_Parallel\64_textLCD_4bits","20_Applications\Text_LCD_Parallel\LCDTest","0.77","266","219"
"20_Applications\Text_LCD_Parallel\64_textLCD_4bits","20_Applications\Text_LCD_Parallel\TestLCD","0.65","266","265"
"20_Applications\Text_LCD_Parallel\66_textLCD3","20_Applications\Text_LCD_Parallel\69_textLCD3_read","0.99","191","193"
"20_Applications\Text_LCD_Parallel\68_textLCDLib","20_Applications\Text_LCD_Parallel\LCDTest","0.96","212","219"
"20_Applications\Text_LCD_Parallel\68_textLCDLib","20_Applications\Text_LCD_Parallel\TestLCD","0.78","212","265"
"20_Applications\Text_LCD_Parallel\LCDTest","20_Applications\Text_LCD_Parallel\TestLCD","0.8","219","265"
