"Cat","Old","New","Action","Note"
"00_Introduction","001_Template","10_Template","KEEP",""
"00_Introduction","1How_to_run_uC","20_How_to_Run","KEEP",""
"00_Introduction","2How_to_run_uC","30_First_Program","KEEP",""
"00_Introduction","Demo1","40_Demo","KEEP",""
"00_Introduction","30_BitTwidding","50_Bit_Twiddling","KEEP",""
"00_Introduction","Check_databss","60_Data_BSS","KEEP",""
"00_Introduction","05_main","","DELETE(B)","3줄 빈 main. 10_Template와 같은 구조"
"00_Introduction","How_to_run_uC","","DELETE(B)","3줄 빈 main. 10_Template와 같은 구조"
"00_Introduction","InitialValues","","DELETE(B)","3줄 빈 main. 10_Template와 같은 구조"
"01_Digital_IO","0_Blink","10_Blink","KEEP","가장 단순한 Blink(8줄, PlatformIO)"
"01_Digital_IO","010_Blink","12_Blink_Pattern","KEEP","6파일, PlatformIO"
"01_Digital_IO","012_Blink_Arduino","14_Blink_Arduino_Style","KEEP",""
"01_Digital_IO","13_Blink","16_Blink13","KEEP","내용 확인 후 이름 조정"
"01_Digital_IO","Blink","18_Blink_Full","KEEP","171줄, 내용 확인 후 이름 조정"
"01_Digital_IO","020_Input_LED","20_Button","KEEP",""
"01_Digital_IO","23_Input_UpDown","22_Input_UpDown","KEEP",""
"01_Digital_IO","24_Input_Toggle","24_Input_Toggle","KEEP",""
"01_Digital_IO","asmBlink","60_Asm_Blink","KEEP",""
"01_Digital_IO","002_asmBlink","62_Asm_Blink2","KEEP",""
"01_Digital_IO","assembler_Exam1","64_Asm_Exam","KEEP",""
"01_Digital_IO","GPIO_oop",".|70_GPIO_OOP","MOVE","C++ 래퍼(164줄)"
"01_Digital_IO","10_Blink","","DELETE(B)","9줄 Blink 변형. 0_Blink와 같은 예제"
"01_Digital_IO","Blink2","","DELETE(B)","10줄 Blink 변형"
"01_Digital_IO","Blink3","","DELETE(B)","11줄 Blink 변형"
"01_Digital_IO","Blink9","","DELETE(B)","13줄 Blink 변형"
"01_Digital_IO","20_Input_LED","","DELETE(B)","17줄. 020_Input_LED의 변형"
"01_Digital_IO","21_Input_LED","","DELETE(B)","020_Input_LED의 변형"
"01_Digital_IO","22_Inputs_LED","","DELETE(B)","020_Input_LED의 변형"
"01_Digital_IO","912_Blink_Arduino","","DELETE(A)","012_Blink_Arduino와 소스 줄 100% 동일(파일 수만 절반)"
"01_Digital_IO","005_asmBlink","","DELETE(B)","002_asmBlink와 75% 일치"
"01_Digital_IO","GPIORead","","DELETE(B)","03/062_UART_printf와 89% 일치(53줄). printf 예제가 본체"
"02_Segment_Display","013_7Segments","10_7Segments","KEEP","PlatformIO"
"02_Segment_Display","015_Four7Segments","20_Four7Segments","KEEP","PlatformIO"
"02_Segment_Display","47_Four7Segments_Input","22_Four7Segments_Input","KEEP",""
"02_Segment_Display","48_Four7Segments_itoa","24_Four7Segments_itoa","KEEP",""
"02_Segment_Display","42_Six7Segments","30_Six7Segments","KEEP",""
"02_Segment_Display","022_7SegWithButtons","40_7SegWithButtons","KEEP",""
"02_Segment_Display","74LS595","50_74LS595","KEEP",""
"02_Segment_Display","74LS595_Test","52_74LS595_Test","KEEP",""
"02_Segment_Display","500_74LS596_two","54_74LS595_Two","KEEP",""
"02_Segment_Display","016_74LS595","","DELETE(A)","500_74LS595와 소스 100% 동일"
"02_Segment_Display","500_74LS595","","DELETE(B)","74LS595와 77% 일치, 변형"
"02_Segment_Display","14_7Segments","","DELETE(B)","10줄 1자리 표시 변형. 013_7Segments와 같은 주제"
"02_Segment_Display","40_One7Segments","","DELETE(B)","12줄 1자리 표시 변형"
"02_Segment_Display","7Segments","","DELETE(B)","25줄 1자리 표시 변형"
"02_Segment_Display","15_7Segments","","DELETE(B)","34줄 1자리 표시 변형"
"02_Segment_Display","45_Four7Segments","","DELETE(B)","015_Four7Segments의 변형"
"02_Segment_Display","46_Four7Segments_short","","DELETE(B)","015_Four7Segments의 변형"
"03_UART_Communication","90_UART_start","10_Serial","KEEP",""
"03_UART_Communication","062_UART_printf","20_Print","KEEP",""
"03_UART_Communication","92_UART","22_UART","KEEP",""
"03_UART_Communication","91_USART","24_USART","KEEP",""
"03_UART_Communication","91_UART_print","26_UART_print","KEEP",""
"03_UART_Communication","060_UART","30_UART_Reg","KEEP","PlatformIO"
"03_UART_Communication","063_UART_myLib","40_UART_myLib","KEEP",""
"03_UART_Communication","064_LibUART","42_LibUART","KEEP","PlatformIO"
"03_UART_Communication","065_LIbUART_printf","44_LibUART_printf","KEEP",""
"03_UART_Communication","SerialComm","50_Comm_UART","KEEP",""
"03_UART_Communication","SerialTest","52_SerialTest","KEEP",""
"03_UART_Communication","RS232","","DELETE(A)","064_LibUART와 소스 100% 동일"
"03_UART_Communication","UART_Lib","","DELETE(A)","065_LIbUART_printf와 소스 100% 동일"
"03_UART_Communication","SetRC_UART","","DELETE(B)","08/811_Motor_RC와 95% 일치(RC 서보 예제)"
"04_ADC","108_ADC_serial","10_AnalogReadSerial","KEEP",""
"04_ADC","050_ADC","12_ADC_Basic","KEEP","PlatformIO"
"04_ADC","100_ADC_hold","14_ADC_hold","KEEP",""
"04_ADC","105_ADC_KeyIn_on_LCD","40_ADC_on_LCD","KEEP",""
"04_ADC","102_ADC_on_LCD","","DELETE(A)","105_ADC_KeyIn_on_LCD와 99% 일치"
"05_Interrupts","027_Interrupt","20_External_Interrupt","KEEP","PlatformIO"
"05_Interrupts","29_Interrupts","22_External_Interrupt2","KEEP",""
"05_Interrupts","028_PCInterrupt","30_PCInterrupt","KEEP","PlatformIO"
"05_Interrupts","028_PC_Interrupt","32_PCInterrupt2","KEEP","외부 인터럽트 예제 포함"
"05_Interrupts","043_Timer0CTC_Int","40_Timer0_CTC_Int","KEEP",""
"05_Interrupts","043_Timer0_CTC_int","42_Timer0_CTC_Int2","KEEP",""
"05_Interrupts","041_Timer0Overflow_Int","50_Timer0_Overflow_Int","KEEP",""
"05_Interrupts","044_Timer0Overflow_Int_module","52_Timer0_Overflow_Int_module","KEEP",""
"05_Interrupts","27_Interrupt","","DELETE(B)","14줄. 027_Interrupt의 축소 변형"
"05_Interrupts","28_Interrupt","","DELETE(B)","21줄. 027_Interrupt의 축소 변형"
"06_Timers_Counters","040_Timer0Overflow","10_Timer_Overflow","KEEP","PlatformIO"
"06_Timers_Counters","71_Timer1Overflow","12_Timer1_Overflow","KEEP",""
"06_Timers_Counters","042_Timer0CTC","20_Timer_CTC","KEEP","PlatformIO"
"06_Timers_Counters","042_Timer0_CTC","22_Timer0_CTC2","KEEP",""
"06_Timers_Counters","73_Timer1OCR","24_Timer1_OCR","KEEP",""
"06_Timers_Counters","76_Timer1_Compare","26_Timer1_Compare","KEEP",""
"06_Timers_Counters","70_Timer0_10mSec","30_Timer0_10mSec","KEEP",""
"06_Timers_Counters","75_Timer0_Sec0_5","32_Timer0_Sec0_5","KEEP",""
"06_Timers_Counters","Timer0","34_Timer0","KEEP","PlatformIO"
"06_Timers_Counters","A1_LCDTimer","50_LCDTimer","KEEP",""
"06_Timers_Counters","78_Timer_with_LCD","52_Timer_with_LCD","KEEP",""
"06_Timers_Counters","83_PulseIn","60_PulseIn","KEEP",""
"06_Timers_Counters","84_PulseIn_timer","62_PulseIn_timer","KEEP",""
"07_PWM","080_PWM","10_AnalogWrite","KEEP","PlatformIO"
"07_PWM","080_PWM_bitbang","12_PWM_bitbang","KEEP",""
"07_PWM","081_PWM_Dual","14_PWM_Dual","KEEP",""
"07_PWM","082_PWM_ADC","16_PWM_ADC","KEEP",""
"07_PWM","082_PWM_Timer0PWM","20_Timer0_PWM","KEEP",""
"07_PWM","045_PWM_Timer0FPWM","30_Timer0_FastPWM","KEEP","PlatformIO"
"07_PWM","082_PWM_Timer0FPWM","32_Timer0_FastPWM2","KEEP",""
"07_PWM","088_FastPWM","34_FastPWM","KEEP",""
"07_PWM","082_PWM_Timer0CTC","36_Timer0_CTC_PWM","KEEP",""
"07_PWM","082_PWM_Timer1PWM","40_Timer1_PWM","KEEP",""
"07_PWM","082_PWM_Timer1FPWM","42_Timer1_FastPWM","KEEP",""
"07_PWM","081_PWM_Timer0Interrupt2","50_PWM_Timer0Interrupt","KEEP",""
"07_PWM","82_PWM","60_PWM_Arduino_Style","KEEP",""
"07_PWM","080_PWM_bitbang_v2","","DELETE(B)","080_PWM_bitbang와 75% 일치(14줄)"
"07_PWM","081_PWM_Timer0Interrupt","","DELETE(B)","05/044_Timer0Overflow_Int_module와 74% 일치. 05단원 쪽을 유지"
"07_PWM","083_PWM_SetRC_UART","","DELETE(A)","08/811_Motor_RC와 소스 99% 일치"
"07_PWM","81_PWM","","DELETE(B)","82_PWM과 79% 일치(같은 Arduino 스타일 PWM)"
"08_Motors","811_Motor_RC","10_Servo1","KEEP","RC 서보"
"08_Motors","812_Motor_DCM","20_DC_Motor","KEEP","PlatformIO"
"08_Motors","810_Motor_Stepper","30_Stepper_motor","KEEP","PlatformIO"
"09_I2C_Communication","225_TWI_LCD","30_LCD_I2C","KEEP",""
"09_I2C_Communication","221_TWI_RTC","40_DS1307","KEEP",""
"09_I2C_Communication","220_TWI_LM75","50_LM75","KEEP","PlatformIO"
"09_I2C_Communication","224_TWI_PCF8574","60_PCF8574","KEEP","PlatformIO"
"09_I2C_Communication","225_TWI_PCF8575","62_PCF8575","KEEP",""
"09_I2C_Communication","ADXL_ITG_20150521","80_ADXL_ITG","KEEP","41개 파일"
"09_I2C_Communication","226_TWO_LCD_OOP","90_LCD_OOP","KEEP",""
"09_I2C_Communication","IMU_9DOF","..\15_Projects|80_IMU_9DOF","MOVE","9DOF IMU(808줄)"
"09_I2C_Communication","IMU_9DOF_V21","..\15_Projects|82_IMU_9DOF_V21","MOVE",""
"09_I2C_Communication","TWI_LCD","","DELETE(A)","225_TWI_LCD와 98% 일치"
"09_I2C_Communication","LCD_I2C_v2","","DELETE(A)","225_TWI_LCD와 97% 일치"
"09_I2C_Communication","LCD_I2C","","DELETE(B)","16줄 스텁, 225_TWI_LCD에 포함되는 예제"
"09_I2C_Communication","IMU_9DOF_euler","","DELETE(A)","IMU_9DOF와 소스 100% 동일"
"09_I2C_Communication","MainPro328F","","DELETE(A)","15_Projects/MainPro328F_v6와 소스 100% 동일"
"10_SPI_Communication","110_SPI","10_Comm_SPI","KEEP",""
"10_SPI_Communication","105_SerialShift_595","20_SerialShift_595","KEEP","PlatformIO"
"10_SPI_Communication","018_74LS595_oop","22_74LS595_oop","KEEP",""
"10_SPI_Communication","110_SPI_MAX7219","30_MAX7219","KEEP","PlatformIO"
"10_SPI_Communication","115_SPI_Software_MAX7219","32_MAX7219_Software","KEEP",""
"10_SPI_Communication","110_SPI_MCP41xx","40_DigitalPot","KEEP",""
"10_SPI_Communication","110_SPI_MAX7219_v2","","DELETE(B)","110_SPI_MAX7219에 92% 포함(원본이 파일 더 많음)"
"11_OneWire_Communication","600_DS18B20","20_DS18B20","KEEP","PlatformIO"
"12_EEPROM","201_eeprom","10_EEPROM","KEEP","PlatformIO"
"12_EEPROM","200_Menu_start","40_Menu_start","KEEP",""
"12_EEPROM","210_Menu_eeprom","42_Menu_eeprom","KEEP",""
"12_EEPROM","eeprom","","DELETE(A)","201_eeprom과 소스 99% 동일"
"13_WatchDog_Sleep","Watchdog","10_Watchdog_Basic","KEEP",""
"13_WatchDog_Sleep","900_Wachdog","","DELETE(B)","Watchdog과 84% 일치. 철자 오류 구버전"
"14_Bootloader","Bootloader","30_Bootloader","KEEP","1094줄"
"15_Projects","200_Menu_start","10_Menu_start","KEEP",""
"15_Projects","Sensors","20_Sensors","KEEP",""
"15_Projects","MainPro328F_v6","30_MainPro328F","KEEP",""
"15_Projects","Modules","40_Modules","KEEP",""
"15_Projects","777_Allfunction","50_AllFunctions","KEEP",""
"15_Projects","777_AllFunctions_OOP_v2","60_AllFunctions_OOP","KEEP",""
"15_Projects","ArduinoSketch1","70_ArduinoSketch1","KEEP","5304줄"
"15_Projects","777_AllFunctions_OOP","","DELETE(B)","_v2와 96% 일치"
"20_Applications\Simple_Sensors_Extended","026_Keypad","10_Keypad","KEEP","PlatformIO"
"20_Applications\Simple_Sensors_Extended","26_Keypad(4x4)","12_Keypad_4x4","KEEP",""
"20_Applications\Simple_Sensors_Extended","511_RotaryEncoder","20_RotaryEncoder","KEEP",""
"20_Applications\Simple_Sensors_Extended","510_Ultrasound_v2","30_Ultrasound","KEEP",""
"20_Applications\Simple_Sensors_Extended","510_Ultrasound","32_Ultrasound_UART","KEEP",""
"20_Applications\Simple_Sensors_Extended","017_74LS596_two","40_74LS595_two","KEEP",""
"20_Applications\Simple_Sensors_Extended","25_Keypad","","DELETE(B)","026_Keypad의 축소 변형"
"20_Applications\Simple_Sensors_Extended","950_ttl_uC","","DELETE(A)","소스 파일 없음"
"20_Applications\Text_LCD_Parallel","62_textLCD","10_TextLCD","KEEP",""
"20_Applications\Text_LCD_Parallel","63_textLCD","12_TextLCD2","KEEP",""
"20_Applications\Text_LCD_Parallel","030_myTextLCD","14_myTextLCD","KEEP","PlatformIO"
"20_Applications\Text_LCD_Parallel","65_textLCD2","20_TextLCD3","KEEP",""
"20_Applications\Text_LCD_Parallel","69_textLCD3_read","22_TextLCD_Read","KEEP",""
"20_Applications\Text_LCD_Parallel","67_textLCD4","24_TextLCD4","KEEP",""
"20_Applications\Text_LCD_Parallel","64_textLCD_4bits","30_TextLCD_4bits","KEEP",""
"20_Applications\Text_LCD_Parallel","032_LibTextLCD","40_LibTextLCD","KEEP","PlatformIO"
"20_Applications\Text_LCD_Parallel","035_textLCDADC","50_TextLCD_ADC","KEEP",""
"20_Applications\Text_LCD_Parallel","TestLCD","60_TestLCD","KEEP",""
"20_Applications\Text_LCD_Parallel","LCDTest","","DELETE(A)","032_LibTextLCD와 99% 일치"
"20_Applications\Text_LCD_Parallel","66_textLCD3","","DELETE(A)","69_textLCD3_read와 99% 일치(read 기능 없는 쪽)"
"20_Applications\Text_LCD_Parallel","68_textLCDLib","","DELETE(A)","032_LibTextLCD와 96% 일치"
"20_Applications\Text_LCD_Parallel","LCD1","","DELETE(A)","3줄 빈 프로젝트"
"20_Applications\Graphic_LCD","057_GLCD_Text","10_GLCD_Text","KEEP",""
"20_Applications\Graphic_LCD","056_GLCD_Img","20_GLCD_Img","KEEP",""
"20_Applications\megaOS","910_megaOs","10_megaOs","KEEP",""
"20_Applications\megaOS","900_megaOS","20_megaOS","KEEP",""
