TO_DELETE	00_Introduction\05_main
TO_DELETE	00_Introduction\How_to_run_uC
TO_DELETE	00_Introduction\InitialValues
TO_DELETE	01_Digital_IO\10_Blink
TO_DELETE	01_Digital_IO\Blink2
TO_DELETE	01_Digital_IO\Blink3
TO_DELETE	01_Digital_IO\Blink9
TO_DELETE	01_Digital_IO\20_Input_LED
TO_DELETE	01_Digital_IO\21_Input_LED
TO_DELETE	01_Digital_IO\22_Inputs_LED
DELETE	01_Digital_IO\912_Blink_Arduino
TO_DELETE	01_Digital_IO\005_asmBlink
TO_DELETE	01_Digital_IO\GPIORead
DELETE	02_Segment_Display\016_74LS595
TO_DELETE	02_Segment_Display\500_74LS595
TO_DELETE	02_Segment_Display\14_7Segments
TO_DELETE	02_Segment_Display\40_One7Segments
TO_DELETE	02_Segment_Display\7Segments
TO_DELETE	02_Segment_Display\15_7Segments
TO_DELETE	02_Segment_Display\45_Four7Segments
TO_DELETE	02_Segment_Display\46_Four7Segments_short
DELETE	03_UART_Communication\RS232
DELETE	03_UART_Communication\UART_Lib
TO_DELETE	03_UART_Communication\SetRC_UART
DELETE	04_ADC\102_ADC_on_LCD
TO_DELETE	05_Interrupts\27_Interrupt
TO_DELETE	05_Interrupts\28_Interrupt
TO_DELETE	07_PWM\080_PWM_bitbang_v2
TO_DELETE	07_PWM\081_PWM_Timer0Interrupt
DELETE	07_PWM\083_PWM_SetRC_UART
TO_DELETE	07_PWM\81_PWM
DELETE	09_I2C_Communication\TWI_LCD
DELETE	09_I2C_Communication\LCD_I2C_v2
TO_DELETE	09_I2C_Communication\LCD_I2C
DELETE	09_I2C_Communication\IMU_9DOF_euler
DELETE	09_I2C_Communication\MainPro328F
TO_DELETE	10_SPI_Communication\110_SPI_MAX7219_v2
DELETE	12_EEPROM\eeprom
TO_DELETE	13_WatchDog_Sleep\900_Wachdog
TO_DELETE	15_Projects\777_AllFunctions_OOP
TO_DELETE	20_Applications\Simple_Sensors_Extended\25_Keypad
DELETE	20_Applications\Simple_Sensors_Extended\950_ttl_uC
DELETE	20_Applications\Text_LCD_Parallel\LCDTest
DELETE	20_Applications\Text_LCD_Parallel\66_textLCD3
DELETE	20_Applications\Text_LCD_Parallel\68_textLCDLib
DELETE	20_Applications\Text_LCD_Parallel\LCD1
