"Path","Sub","Dup","Twin","Len"
"D:\Github\Microcontroller\10_Atmega328P\02_AVR_C_Development\_from_SampleCodes\AVR128_LCD.DSN","AVR128_LCD.DSN","False",,"109640"
"D:\Github\Microcontroller\10_Atmega328P\02_AVR_C_Development\_from_SampleCodes\AVR128_LCD_I2C_Terminal.DSN","AVR128_LCD_I2C_Terminal.DSN","False",,"116755"
"D:\Github\Microcontroller\10_Atmega328P\02_AVR_C_Development\_from_SampleCodes\AVR328P_I2C_Terminal.DSN","AVR328P_I2C_Terminal.DSN","False",,"134455"
"D:\Github\Microcontroller\10_Atmega328P\02_AVR_C_Development\_from_SampleCodes\010_Blink_A\AVR328P_Basic.pdsprj","010_Blink_A","False",,"22537"
"D:\Github\Microcontroller\10_Atmega328P\02_AVR_C_Development\_from_SampleCodes\010_Blink_A\AVR328P_Testboard.pdsprj","010_Blink_A","False",,"17338"
"D:\Github\Microcontroller\10_Atmega328P\02_AVR_C_Development\_from_SampleCodes\013_Blink_oop\AVR328P_Testboard.pdsprj","013_Blink_oop","False",,"17338"
"D:\Github\Microcontroller\10_Atmega328P\02_AVR_C_Development\_from_SampleCodes\017_74LS595_two\AVR328P_74ls575_two.pdsprj","017_74LS595_two","False",,"23549"
"D:\Github\Microcontroller\10_Atmega328P\02_AVR_C_Development\_from_SampleCodes\017_74LS595_two\main.c","017_74LS595_two","False",,"545"
"D:\Github\Microcontroller\10_Atmega328P\02_AVR_C_Development\_from_SampleCodes\027_PCInterrupt\Interrupt.c","027_PCInterrupt","False",,"877"
"D:\Github\Microcontroller\10_Atmega328P\02_AVR_C_Development\_from_SampleCodes\028_Interrupt\AVR328P_Key_7Seg.pdsprj","028_Interrupt","False",,"11486"
"D:\Github\Microcontroller\10_Atmega328P\02_AVR_C_Development\_from_SampleCodes\028_Interrupt\Interrupt.c","028_Interrupt","False",,"1080"
"D:\Github\Microcontroller\10_Atmega328P\02_AVR_C_Development\_from_SampleCodes\028_PC_Interrupt_PullUp\AVR328P_7Seg_decoder.DSN","028_PC_Interrupt_PullUp","False",,"103530"
"D:\Github\Microcontroller\10_Atmega328P\02_AVR_C_Development\_from_SampleCodes\028_PC_Interrupt_PullUp\AVR328P_7Seg_decoder.pdsprj","028_PC_Interrupt_PullUp","False",,"17109"
"D:\Github\Microcontroller\10_Atmega328P\02_AVR_C_Development\_from_SampleCodes\028_PC_Interrupt_PullUp\Interrupt.c","028_PC_Interrupt_PullUp","False",,"1242"
"D:\Github\Microcontroller\10_Atmega328P\02_AVR_C_Development\_from_SampleCodes\050_myTextLCD\AVR328P_LCD_4bits.pdsprj","050_myTextLCD","False",,"26139"
"D:\Github\Microcontroller\10_Atmega328P\02_AVR_C_Development\_from_SampleCodes\050_myTextLCD\AVR328P_LCD_8bits.pdsprj","050_myTextLCD","False",,"19675"
"D:\Github\Microcontroller\10_Atmega328P\02_AVR_C_Development\_from_SampleCodes\051_myTextLCD\AVR328P_LCD_8bits.pdsprj","051_myTextLCD","False",,"19919"
"D:\Github\Microcontroller\10_Atmega328P\02_AVR_C_Development\_from_SampleCodes\051_textLCD_Lib\AVR328P_LCD.DSN","051_textLCD_Lib","False",,"105208"
"D:\Github\Microcontroller\10_Atmega328P\02_AVR_C_Development\_from_SampleCodes\051_textLCD_Lib\AVR328P_LCD_8bits.pdsprj","051_textLCD_Lib","False",,"21858"
"D:\Github\Microcontroller\10_Atmega328P\02_AVR_C_Development\_from_SampleCodes\051_textLCD_Lib\lcd_lib.c","051_textLCD_Lib","False",,"9685"
"D:\Github\Microcontroller\10_Atmega328P\02_AVR_C_Development\_from_SampleCodes\051_textLCD_Lib\textLCDLib.c","051_textLCD_Lib","False",,"1427"
"D:\Github\Microcontroller\10_Atmega328P\02_AVR_C_Development\_from_SampleCodes\055_textLCDADC\AVR328P_LCD.pdsprj","055_textLCDADC","False",,"20000"
"D:\Github\Microcontroller\10_Atmega328P\02_AVR_C_Development\_from_SampleCodes\055_textLCDADC\textLCDLib.c","055_textLCDADC","False",,"1390"
"D:\Github\Microcontroller\10_Atmega328P\02_AVR_C_Development\_from_SampleCodes\061_UART_myLib\uart.c","061_UART_myLib","False",,"1103"
"D:\Github\Microcontroller\10_Atmega328P\02_AVR_C_Development\_from_SampleCodes\064_UART_Lib\AVR328P_UART.pdsprj","064_UART_Lib","False",,"22325"
"D:\Github\Microcontroller\10_Atmega328P\02_AVR_C_Development\_from_SampleCodes\066_UART_LCD\AVR328P_LCD_Serial.pdsprj","066_UART_LCD","False",,"19995"
"D:\Github\Microcontroller\10_Atmega328P\02_AVR_C_Development\_from_SampleCodes\066_UART_LCD\UART_printf.c","066_UART_LCD","False",,"3794"
"D:\Github\Microcontroller\10_Atmega328P\02_AVR_C_Development\_from_SampleCodes\066_UART_simple\AVR328P_LCD_7Seg_Terminal.pdsprj","066_UART_simple","False",,"20921"
"D:\Github\Microcontroller\10_Atmega328P\02_AVR_C_Development\_from_SampleCodes\083_PWM_SetRC_Joystick\main.c","083_PWM_SetRC_Joystick","False",,"2525"
"D:\Github\Microcontroller\10_Atmega328P\02_AVR_C_Development\_from_SampleCodes\084_PWM_arduino\AVR328P_I2C_Terminal.DSN","084_PWM_arduino","False",,"131554"
"D:\Github\Microcontroller\10_Atmega328P\02_AVR_C_Development\_from_SampleCodes\084_PWM_arduino\AVR328P_I2C_Terminal.pdsprj","084_PWM_arduino","False",,"23266"
"D:\Github\Microcontroller\10_Atmega328P\02_AVR_C_Development\_from_SampleCodes\084_PWM_arduino\main.c","084_PWM_arduino","False",,"7252"
"D:\Github\Microcontroller\10_Atmega328P\02_AVR_C_Development\_from_SampleCodes\084_PWM_Timer1\AVR328P_Basic.pdsprj","084_PWM_Timer1","False",,"22568"
"D:\Github\Microcontroller\10_Atmega328P\02_AVR_C_Development\_from_SampleCodes\084_PWM_Timer1\AVR328P_Key_7Seg.pdsprj","084_PWM_Timer1","False",,"22207"
"D:\Github\Microcontroller\10_Atmega328P\02_AVR_C_Development\_from_SampleCodes\084_PWM_Timer1\PWM.c","084_PWM_Timer1","False",,"4665"
"D:\Github\Microcontroller\10_Atmega328P\02_AVR_C_Development\_from_SampleCodes\085_PWM_ADC\AVR328P_Key_7Seg.DSN","085_PWM_ADC","False",,"131857"
"D:\Github\Microcontroller\10_Atmega328P\02_AVR_C_Development\_from_SampleCodes\086_PWM_Dual\AVR328P_Motor_Btn.DSN","086_PWM_Dual","False",,"118901"
"D:\Github\Microcontroller\10_Atmega328P\02_AVR_C_Development\_from_SampleCodes\086_PWM_Dual\AVR328P_Motor_Btn.pdsprj","086_PWM_Dual","False",,"23400"
"D:\Github\Microcontroller\10_Atmega328P\02_AVR_C_Development\_from_SampleCodes\089_PWM_anlogWrite\AVR328P_Basic.pdsprj","089_PWM_anlogWrite","False",,"22606"
"D:\Github\Microcontroller\10_Atmega328P\02_AVR_C_Development\_from_SampleCodes\089_PWM_anlogWrite\gpio.h","089_PWM_anlogWrite","False",,"541"
"D:\Github\Microcontroller\10_Atmega328P\02_AVR_C_Development\_from_SampleCodes\089_PWM_anlogWrite\pins.h","089_PWM_anlogWrite","False",,"2281"
"D:\Github\Microcontroller\10_Atmega328P\02_AVR_C_Development\_from_SampleCodes\089_PWM_anlogWrite\PWM.c","089_PWM_anlogWrite","False",,"3705"
"D:\Github\Microcontroller\10_Atmega328P\02_AVR_C_Development\_from_SampleCodes\094_Serial_ADC\ADC_serial.c","094_Serial_ADC","False",,"4092"
"D:\Github\Microcontroller\10_Atmega328P\02_AVR_C_Development\_from_SampleCodes\094_Serial_ADC\AVR328P_ADC.pdsprj","094_Serial_ADC","False",,"22745"
"D:\Github\Microcontroller\10_Atmega328P\02_AVR_C_Development\_from_SampleCodes\094_Serial_ADC\AVR328P_I2C_Terminal.pdsprj","094_Serial_ADC","False",,"22207"
"D:\Github\Microcontroller\10_Atmega328P\02_AVR_C_Development\_from_SampleCodes\111_SPI_MAX7219\AVR328P_MAX7219.pdsprj","111_SPI_MAX7219","False",,"23222"
"D:\Github\Microcontroller\10_Atmega328P\02_AVR_C_Development\_from_SampleCodes\111_SPI_MAX7219\main.c","111_SPI_MAX7219","False",,"2559"
"D:\Github\Microcontroller\10_Atmega328P\02_AVR_C_Development\_from_SampleCodes\120_TWI_LM75a\AVR328P_Basic.pdsprj","120_TWI_LM75a","False",,"20584"
"D:\Github\Microcontroller\10_Atmega328P\02_AVR_C_Development\_from_SampleCodes\120_TWI_LM75a\i2c.h","120_TWI_LM75a","False",,"778"
"D:\Github\Microcontroller\10_Atmega328P\02_AVR_C_Development\_from_SampleCodes\120_TWI_LM75a\main.c","120_TWI_LM75a","False",,"1534"
"D:\Github\Microcontroller\10_Atmega328P\02_AVR_C_Development\_from_SampleCodes\201_eeprom1\main.c","201_eeprom1","False",,"1007"
"D:\Github\Microcontroller\10_Atmega328P\02_AVR_C_Development\_from_SampleCodes\220_TWI_LM75OOP\LM75.cpp","220_TWI_LM75OOP","False",,"3131"
"D:\Github\Microcontroller\10_Atmega328P\02_AVR_C_Development\_from_SampleCodes\220_TWI_LM75OOP\main.cpp","220_TWI_LM75OOP","False",,"1176"
"D:\Github\Microcontroller\10_Atmega328P\02_AVR_C_Development\_from_SampleCodes\222_TWI_eeprom\AVR328P_Basic_eeprom.pdsprj","222_TWI_eeprom","False",,"22096"
"D:\Github\Microcontroller\10_Atmega328P\02_AVR_C_Development\_from_SampleCodes\222_TWI_eeprom\main.c","222_TWI_eeprom","False",,"3673"
"D:\Github\Microcontroller\10_Atmega328P\02_AVR_C_Development\_from_SampleCodes\328P\AVR328P_LCD_7Seg_Terminal.DSN","328P","False",,"118485"
"D:\Github\Microcontroller\10_Atmega328P\02_AVR_C_Development\_from_SampleCodes\328P\100_UART\UART_simple.c","328P","False",,"421"
"D:\Github\Microcontroller\10_Atmega328P\02_AVR_C_Development\_from_SampleCodes\328P\100_UART_simple\uart.c","328P","False",,"1516"
"D:\Github\Microcontroller\10_Atmega328P\02_AVR_C_Development\_from_SampleCodes\328P\100_UART_simple\uart.h","328P","False",,"420"
"D:\Github\Microcontroller\10_Atmega328P\02_AVR_C_Development\_from_SampleCodes\328P\100_UART_simple\UART_simple.c","328P","False",,"5336"
"D:\Github\Microcontroller\10_Atmega328P\02_AVR_C_Development\_from_SampleCodes\505_PCF8574\AVR328P_PCF8574.pdsprj","505_PCF8574","False",,"20719"
"D:\Github\Microcontroller\10_Atmega328P\02_AVR_C_Development\_from_SampleCodes\505_PCF8574\main.cpp","505_PCF8574","False",,"253"
"D:\Github\Microcontroller\10_Atmega328P\02_AVR_C_Development\_from_SampleCodes\505_PCF8574\PCF8574.h","505_PCF8574","False",,"1580"
"D:\Github\Microcontroller\10_Atmega328P\02_AVR_C_Development\_from_SampleCodes\505_PCF8575_s\main.c","505_PCF8575_s","False",,"1614"
"D:\Github\Microcontroller\10_Atmega328P\02_AVR_C_Development\_from_SampleCodes\510_Ultrasound_int\AVR328P_Basic.pdsprj","510_Ultrasound_int","False",,"23276"
"D:\Github\Microcontroller\10_Atmega328P\02_AVR_C_Development\_from_SampleCodes\800_I2C\AVR328P_Basic.pdsprj","800_I2C","False",,"20266"
"D:\Github\Microcontroller\10_Atmega328P\02_AVR_C_Development\_from_SampleCodes\800_I2C\I2C.c","800_I2C","False",,"2904"
"D:\Github\Microcontroller\10_Atmega328P\02_AVR_C_Development\_from_SampleCodes\800_I2C_eeprom\AVR328P_eeprom.pdsprj","800_I2C_eeprom","False",,"21920"
"D:\Github\Microcontroller\10_Atmega328P\02_AVR_C_Development\_from_SampleCodes\900_MAX7219_o\Arduino.h","900_MAX7219_o","False",,"7643"
"D:\Github\Microcontroller\10_Atmega328P\02_AVR_C_Development\_from_SampleCodes\900_MAX7219_o\AVR328P_MAX7219.pdsprj","900_MAX7219_o","False",,"23721"
"D:\Github\Microcontroller\10_Atmega328P\02_AVR_C_Development\_from_SampleCodes\900_MAX7219_o\main.cpp","900_MAX7219_o","False",,"2428"
"D:\Github\Microcontroller\10_Atmega328P\02_AVR_C_Development\_from_SampleCodes\900_MAX7219_o\wiring_digital.c","900_MAX7219_o","False",,"4967"
"D:\Github\Microcontroller\10_Atmega328P\02_AVR_C_Development\_from_SampleCodes\900_MAX7219_software_o\AVR328P_MAX7219.pdsprj","900_MAX7219_software_o","False",,"23744"
"D:\Github\Microcontroller\10_Atmega328P\02_AVR_C_Development\_from_SampleCodes\900_MAX7219_software_o\main.cpp","900_MAX7219_software_o","False",,"4189"
"D:\Github\Microcontroller\10_Atmega328P\02_AVR_C_Development\_from_SampleCodes\999_Pupil\Allfunction.c","999_Pupil","False",,"1981"
"D:\Github\Microcontroller\10_Atmega328P\02_AVR_C_Development\_from_SampleCodes\999_Pupil\gpio.c","999_Pupil","False",,"3195"
"D:\Github\Microcontroller\10_Atmega328P\02_AVR_C_Development\_from_SampleCodes\999_Pupil\uart.h","999_Pupil","False",,"9868"
"D:\Github\Microcontroller\10_Atmega328P\02_AVR_C_Development\_from_SampleCodes\A01_Ultrasound\AVR328P_Basic_Ultrasound.pdsprj","A01_Ultrasound","False",,"23268"
"D:\Github\Microcontroller\10_Atmega328P\02_AVR_C_Development\_from_SampleCodes\ADC\adc.c","ADC","False",,"958"
"D:\Github\Microcontroller\10_Atmega328P\02_AVR_C_Development\_from_SampleCodes\ASM_test1\AVR328P_Basic.pdsprj","ASM_test1","False",,"19076"
"D:\Github\Microcontroller\10_Atmega328P\02_AVR_C_Development\_from_SampleCodes\ASM_test1\main.c","ASM_test1","False",,"961"
"D:\Github\Microcontroller\10_Atmega328P\02_AVR_C_Development\_from_SampleCodes\A_Matrix\AVR328P_LED_matrix.pdsprj","A_Matrix","False",,"22664"
"D:\Github\Microcontroller\10_Atmega328P\02_AVR_C_Development\_from_SampleCodes\A_Matrix\Max7219_7segments.pdsprj","A_Matrix","False",,"23552"
"D:\Github\Microcontroller\10_Atmega328P\02_AVR_C_Development\_from_SampleCodes\A_Matrix\Max7219_FND.pdsprj","A_Matrix","False",,"24514"
"D:\Github\Microcontroller\10_Atmega328P\02_AVR_C_Development\_from_SampleCodes\eeprom1\main.c","eeprom1","False",,"993"
"D:\Github\Microcontroller\10_Atmega328P\02_AVR_C_Development\_from_SampleCodes\i2cTest2\AVR328P_PCF8574.pdsprj","i2cTest2","False",,"21982"
"D:\Github\Microcontroller\10_Atmega328P\02_AVR_C_Development\_from_SampleCodes\i2cTest2\main.c","i2cTest2","False",,"1153"
"D:\Github\Microcontroller\10_Atmega328P\02_AVR_C_Development\_from_SampleCodes\i2cTest2\uart.h","i2cTest2","False",,"7323"
"D:\Github\Microcontroller\10_Atmega328P\02_AVR_C_Development\_from_SampleCodes\Interrupt\AVR328P_7Seg_decoder.DSN","Interrupt","False",,"104804"
"D:\Github\Microcontroller\10_Atmega328P\02_AVR_C_Development\_from_SampleCodes\Interrupt\Demo3.pdsprj","Interrupt","False",,"22850"
"D:\Github\Microcontroller\10_Atmega328P\02_AVR_C_Development\_from_SampleCodes\Interrupt\main.c","Interrupt","False",,"799"
"D:\Github\Microcontroller\10_Atmega328P\02_AVR_C_Development\_from_SampleCodes\LCDLib1\lcd_lib.c","LCDLib1","False",,"8682"
"D:\Github\Microcontroller\10_Atmega328P\02_AVR_C_Development\_from_SampleCodes\LCDLib1\lcd_lib.h","LCDLib1","False",,"4513"
"D:\Github\Microcontroller\10_Atmega328P\02_AVR_C_Development\_from_SampleCodes\LCDLib1\main.c","LCDLib1","False",,"751"
"D:\Github\Microcontroller\10_Atmega328P\02_AVR_C_Development\_from_SampleCodes\Lib\adc.c","Lib","False",,"1245"
"D:\Github\Microcontroller\10_Atmega328P\02_AVR_C_Development\_from_SampleCodes\Lib\adc.h","Lib","False",,"819"
"D:\Github\Microcontroller\10_Atmega328P\02_AVR_C_Development\_from_SampleCodes\Lib\gpio.c","Lib","False",,"2757"
"D:\Github\Microcontroller\10_Atmega328P\02_AVR_C_Development\_from_SampleCodes\Lib\gpio.h","Lib","False",,"263"
"D:\Github\Microcontroller\10_Atmega328P\02_AVR_C_Development\_from_SampleCodes\Lib\pins.h","Lib","False",,"3896"
"D:\Github\Microcontroller\10_Atmega328P\02_AVR_C_Development\_from_SampleCodes\Midterm\main.c","Midterm","False",,"433"
"D:\Github\Microcontroller\10_Atmega328P\02_AVR_C_Development\_from_SampleCodes\Midterm1\main.c","Midterm1","False",,"690"
"D:\Github\Microcontroller\10_Atmega328P\02_AVR_C_Development\_from_SampleCodes\PinChangeInt\Arduino 328.pdsprj","PinChangeInt","False",,"23236"
"D:\Github\Microcontroller\10_Atmega328P\02_AVR_C_Development\_from_SampleCodes\PinChangeInt\main.c","PinChangeInt","False",,"980"
"D:\Github\Microcontroller\10_Atmega328P\02_AVR_C_Development\_from_SampleCodes\root\Blink.c","root","False",,"428"
"D:\Github\Microcontroller\10_Atmega328P\02_AVR_C_Development\_from_SampleCodes\SerialComm_INT\main.c","SerialComm_INT","False",,"1374"
"D:\Github\Microcontroller\10_Atmega328P\02_AVR_C_Development\_from_SampleCodes\src\main.c","src","False",,"1141"
"D:\Github\Microcontroller\10_Atmega328P\02_AVR_C_Development\_from_SampleCodes\src\uart\uart.h","src","False",,"7323"
"D:\Github\Microcontroller\10_Atmega328P\02_AVR_C_Development\_from_SampleCodes\test_oop\AVR328P_PCF8574.pdsprj","test_oop","False",,"21976"
"D:\Github\Microcontroller\10_Atmega328P\02_AVR_C_Development\_from_SampleCodes\test_oop\main.cpp","test_oop","False",,"741"
"D:\Github\Microcontroller\10_Atmega328P\02_AVR_C_Development\_from_SampleCodes\test_oop\PCF8574.cpp","test_oop","False",,"4255"
"D:\Github\Microcontroller\10_Atmega328P\02_AVR_C_Development\_from_SampleCodes\test_oop\PCF8574.h","test_oop","False",,"1610"
